month,region,brand,sales,lower,upper
2020-07,region_151,brand_1,50.0,0.0,100.0
2020-07,region_151,brand_2,50.0,0.0,100.0
2020-07,region_152,brand_1,50.0,0.0,100.0
2020-07,region_152,brand_2,50.0,0.0,100.0
2020-07,region_153,brand_1,50.0,0.0,100.0
2020-07,region_153,brand_2,50.0,0.0,100.0
2020-07,region_154,brand_1,50.0,0.0,100.0
2020-07,region_154,brand_2,50.0,0.0,100.0
2020-07,region_155,brand_1,50.0,0.0,100.0
2020-07,region_155,brand_2,50.0,0.0,100.0
2020-07,region_156,brand_1,50.0,0.0,100.0
2020-07,region_156,brand_2,50.0,0.0,100.0
2020-07,region_157,brand_1,50.0,0.0,100.0
2020-07,region_157,brand_2,50.0,0.0,100.0
2020-07,region_158,brand_1,50.0,0.0,100.0
2020-07,region_158,brand_2,50.0,0.0,100.0
2020-07,region_159,brand_1,50.0,0.0,100.0
2020-07,region_159,brand_2,50.0,0.0,100.0
2020-07,region_160,brand_1,50.0,0.0,100.0
2020-07,region_160,brand_2,50.0,0.0,100.0
2020-07,region_161,brand_1,50.0,0.0,100.0
2020-07,region_161,brand_2,50.0,0.0,100.0
2020-07,region_162,brand_1,50.0,0.0,100.0
2020-07,region_162,brand_2,50.0,0.0,100.0
2020-07,region_163,brand_1,50.0,0.0,100.0
2020-07,region_163,brand_2,50.0,0.0,100.0
2020-07,region_164,brand_1,50.0,0.0,100.0
2020-07,region_164,brand_2,50.0,0.0,100.0
2020-07,region_165,brand_1,50.0,0.0,100.0
2020-07,region_165,brand_2,50.0,0.0,100.0
2020-07,region_166,brand_1,50.0,0.0,100.0
2020-07,region_166,brand_2,50.0,0.0,100.0
2020-07,region_167,brand_1,50.0,0.0,100.0
2020-07,region_167,brand_2,50.0,0.0,100.0
2020-07,region_168,brand_1,50.0,0.0,100.0
2020-07,region_168,brand_2,50.0,0.0,100.0
2020-07,region_169,brand_1,50.0,0.0,100.0
2020-07,region_169,brand_2,50.0,0.0,100.0
2020-07,region_170,brand_1,50.0,0.0,100.0
2020-07,region_170,brand_2,50.0,0.0,100.0
2020-07,region_171,brand_1,50.0,0.0,100.0
2020-07,region_171,brand_2,50.0,0.0,100.0
2020-07,region_172,brand_1,50.0,0.0,100.0
2020-07,region_172,brand_2,50.0,0.0,100.0
2020-07,region_173,brand_1,50.0,0.0,100.0
2020-07,region_173,brand_2,50.0,0.0,100.0
2020-07,region_174,brand_1,50.0,0.0,100.0
2020-07,region_174,brand_2,50.0,0.0,100.0
2020-07,region_175,brand_1,50.0,0.0,100.0
2020-07,region_175,brand_2,50.0,0.0,100.0
2020-07,region_176,brand_1,50.0,0.0,100.0
2020-07,region_176,brand_2,50.0,0.0,100.0
2020-07,region_177,brand_1,50.0,0.0,100.0
2020-07,region_177,brand_2,50.0,0.0,100.0
2020-07,region_178,brand_1,50.0,0.0,100.0
2020-07,region_178,brand_2,50.0,0.0,100.0
2020-07,region_179,brand_1,50.0,0.0,100.0
2020-07,region_179,brand_2,50.0,0.0,100.0
2020-07,region_180,brand_1,50.0,0.0,100.0
2020-07,region_180,brand_2,50.0,0.0,100.0
2020-07,region_181,brand_1,50.0,0.0,100.0
2020-07,region_181,brand_2,50.0,0.0,100.0
2020-07,region_182,brand_1,50.0,0.0,100.0
2020-07,region_182,brand_2,50.0,0.0,100.0
2020-07,region_183,brand_1,50.0,0.0,100.0
2020-07,region_183,brand_2,50.0,0.0,100.0
2020-07,region_184,brand_1,50.0,0.0,100.0
2020-07,region_184,brand_2,50.0,0.0,100.0
2020-07,region_185,brand_1,50.0,0.0,100.0
2020-07,region_185,brand_2,50.0,0.0,100.0
2020-07,region_186,brand_1,50.0,0.0,100.0
2020-07,region_186,brand_2,50.0,0.0,100.0
2020-07,region_187,brand_1,50.0,0.0,100.0
2020-07,region_187,brand_2,50.0,0.0,100.0
2020-07,region_188,brand_1,50.0,0.0,100.0
2020-07,region_188,brand_2,50.0,0.0,100.0
2020-07,region_189,brand_1,50.0,0.0,100.0
2020-07,region_189,brand_2,50.0,0.0,100.0
2020-07,region_190,brand_1,50.0,0.0,100.0
2020-07,region_190,brand_2,50.0,0.0,100.0
2020-07,region_191,brand_1,50.0,0.0,100.0
2020-07,region_191,brand_2,50.0,0.0,100.0
2020-07,region_192,brand_1,50.0,0.0,100.0
2020-07,region_192,brand_2,50.0,0.0,100.0
2020-07,region_193,brand_1,50.0,0.0,100.0
2020-07,region_193,brand_2,50.0,0.0,100.0
2020-07,region_194,brand_1,50.0,0.0,100.0
2020-07,region_194,brand_2,50.0,0.0,100.0
2020-07,region_195,brand_1,50.0,0.0,100.0
2020-07,region_195,brand_2,50.0,0.0,100.0
2020-07,region_196,brand_1,50.0,0.0,100.0
2020-07,region_196,brand_2,50.0,0.0,100.0
2020-07,region_197,brand_1,50.0,0.0,100.0
2020-07,region_197,brand_2,50.0,0.0,100.0
2020-07,region_198,brand_1,50.0,0.0,100.0
2020-07,region_198,brand_2,50.0,0.0,100.0
2020-07,region_199,brand_1,50.0,0.0,100.0
2020-07,region_199,brand_2,50.0,0.0,100.0
2020-07,region_200,brand_1,50.0,0.0,100.0
2020-07,region_200,brand_2,50.0,0.0,100.0
2020-08,region_151,brand_1,50.0,0.0,100.0
2020-08,region_151,brand_2,50.0,0.0,100.0
2020-08,region_152,brand_1,50.0,0.0,100.0
2020-08,region_152,brand_2,50.0,0.0,100.0
2020-08,region_153,brand_1,50.0,0.0,100.0
2020-08,region_153,brand_2,50.0,0.0,100.0
2020-08,region_154,brand_1,50.0,0.0,100.0
2020-08,region_154,brand_2,50.0,0.0,100.0
2020-08,region_155,brand_1,50.0,0.0,100.0
2020-08,region_155,brand_2,50.0,0.0,100.0
2020-08,region_156,brand_1,50.0,0.0,100.0
2020-08,region_156,brand_2,50.0,0.0,100.0
2020-08,region_157,brand_1,50.0,0.0,100.0
2020-08,region_157,brand_2,50.0,0.0,100.0
2020-08,region_158,brand_1,50.0,0.0,100.0
2020-08,region_158,brand_2,50.0,0.0,100.0
2020-08,region_159,brand_1,50.0,0.0,100.0
2020-08,region_159,brand_2,50.0,0.0,100.0
2020-08,region_160,brand_1,50.0,0.0,100.0
2020-08,region_160,brand_2,50.0,0.0,100.0
2020-08,region_161,brand_1,50.0,0.0,100.0
2020-08,region_161,brand_2,50.0,0.0,100.0
2020-08,region_162,brand_1,50.0,0.0,100.0
2020-08,region_162,brand_2,50.0,0.0,100.0
2020-08,region_163,brand_1,50.0,0.0,100.0
2020-08,region_163,brand_2,50.0,0.0,100.0
2020-08,region_164,brand_1,50.0,0.0,100.0
2020-08,region_164,brand_2,50.0,0.0,100.0
2020-08,region_165,brand_1,50.0,0.0,100.0
2020-08,region_165,brand_2,50.0,0.0,100.0
2020-08,region_166,brand_1,50.0,0.0,100.0
2020-08,region_166,brand_2,50.0,0.0,100.0
2020-08,region_167,brand_1,50.0,0.0,100.0
2020-08,region_167,brand_2,50.0,0.0,100.0
2020-08,region_168,brand_1,50.0,0.0,100.0
2020-08,region_168,brand_2,50.0,0.0,100.0
2020-08,region_169,brand_1,50.0,0.0,100.0
2020-08,region_169,brand_2,50.0,0.0,100.0
2020-08,region_170,brand_1,50.0,0.0,100.0
2020-08,region_170,brand_2,50.0,0.0,100.0
2020-08,region_171,brand_1,50.0,0.0,100.0
2020-08,region_171,brand_2,50.0,0.0,100.0
2020-08,region_172,brand_1,50.0,0.0,100.0
2020-08,region_172,brand_2,50.0,0.0,100.0
2020-08,region_173,brand_1,50.0,0.0,100.0
2020-08,region_173,brand_2,50.0,0.0,100.0
2020-08,region_174,brand_1,50.0,0.0,100.0
2020-08,region_174,brand_2,50.0,0.0,100.0
2020-08,region_175,brand_1,50.0,0.0,100.0
2020-08,region_175,brand_2,50.0,0.0,100.0
2020-08,region_176,brand_1,50.0,0.0,100.0
2020-08,region_176,brand_2,50.0,0.0,100.0
2020-08,region_177,brand_1,50.0,0.0,100.0
2020-08,region_177,brand_2,50.0,0.0,100.0
2020-08,region_178,brand_1,50.0,0.0,100.0
2020-08,region_178,brand_2,50.0,0.0,100.0
2020-08,region_179,brand_1,50.0,0.0,100.0
2020-08,region_179,brand_2,50.0,0.0,100.0
2020-08,region_180,brand_1,50.0,0.0,100.0
2020-08,region_180,brand_2,50.0,0.0,100.0
2020-08,region_181,brand_1,50.0,0.0,100.0
2020-08,region_181,brand_2,50.0,0.0,100.0
2020-08,region_182,brand_1,50.0,0.0,100.0
2020-08,region_182,brand_2,50.0,0.0,100.0
2020-08,region_183,brand_1,50.0,0.0,100.0
2020-08,region_183,brand_2,50.0,0.0,100.0
2020-08,region_184,brand_1,50.0,0.0,100.0
2020-08,region_184,brand_2,50.0,0.0,100.0
2020-08,region_185,brand_1,50.0,0.0,100.0
2020-08,region_185,brand_2,50.0,0.0,100.0
2020-08,region_186,brand_1,50.0,0.0,100.0
2020-08,region_186,brand_2,50.0,0.0,100.0
2020-08,region_187,brand_1,50.0,0.0,100.0
2020-08,region_187,brand_2,50.0,0.0,100.0
2020-08,region_188,brand_1,50.0,0.0,100.0
2020-08,region_188,brand_2,50.0,0.0,100.0
2020-08,region_189,brand_1,50.0,0.0,100.0
2020-08,region_189,brand_2,50.0,0.0,100.0
2020-08,region_190,brand_1,50.0,0.0,100.0
2020-08,region_190,brand_2,50.0,0.0,100.0
2020-08,region_191,brand_1,50.0,0.0,100.0
2020-08,region_191,brand_2,50.0,0.0,100.0
2020-08,region_192,brand_1,50.0,0.0,100.0
2020-08,region_192,brand_2,50.0,0.0,100.0
2020-08,region_193,brand_1,50.0,0.0,100.0
2020-08,region_193,brand_2,50.0,0.0,100.0
2020-08,region_194,brand_1,50.0,0.0,100.0
2020-08,region_194,brand_2,50.0,0.0,100.0
2020-08,region_195,brand_1,50.0,0.0,100.0
2020-08,region_195,brand_2,50.0,0.0,100.0
2020-08,region_196,brand_1,50.0,0.0,100.0
2020-08,region_196,brand_2,50.0,0.0,100.0
2020-08,region_197,brand_1,50.0,0.0,100.0
2020-08,region_197,brand_2,50.0,0.0,100.0
2020-08,region_198,brand_1,50.0,0.0,100.0
2020-08,region_198,brand_2,50.0,0.0,100.0
2020-08,region_199,brand_1,50.0,0.0,100.0
2020-08,region_199,brand_2,50.0,0.0,100.0
2020-08,region_200,brand_1,50.0,0.0,100.0
2020-08,region_200,brand_2,50.0,0.0,100.0
2020-09,region_151,brand_1,50.0,0.0,100.0
2020-09,region_151,brand_2,50.0,0.0,100.0
2020-09,region_152,brand_1,50.0,0.0,100.0
2020-09,region_152,brand_2,50.0,0.0,100.0
2020-09,region_153,brand_1,50.0,0.0,100.0
2020-09,region_153,brand_2,50.0,0.0,100.0
2020-09,region_154,brand_1,50.0,0.0,100.0
2020-09,region_154,brand_2,50.0,0.0,100.0
2020-09,region_155,brand_1,50.0,0.0,100.0
2020-09,region_155,brand_2,50.0,0.0,100.0
2020-09,region_156,brand_1,50.0,0.0,100.0
2020-09,region_156,brand_2,50.0,0.0,100.0
2020-09,region_157,brand_1,50.0,0.0,100.0
2020-09,region_157,brand_2,50.0,0.0,100.0
2020-09,region_158,brand_1,50.0,0.0,100.0
2020-09,region_158,brand_2,50.0,0.0,100.0
2020-09,region_159,brand_1,50.0,0.0,100.0
2020-09,region_159,brand_2,50.0,0.0,100.0
2020-09,region_160,brand_1,50.0,0.0,100.0
2020-09,region_160,brand_2,50.0,0.0,100.0
2020-09,region_161,brand_1,50.0,0.0,100.0
2020-09,region_161,brand_2,50.0,0.0,100.0
2020-09,region_162,brand_1,50.0,0.0,100.0
2020-09,region_162,brand_2,50.0,0.0,100.0
2020-09,region_163,brand_1,50.0,0.0,100.0
2020-09,region_163,brand_2,50.0,0.0,100.0
2020-09,region_164,brand_1,50.0,0.0,100.0
2020-09,region_164,brand_2,50.0,0.0,100.0
2020-09,region_165,brand_1,50.0,0.0,100.0
2020-09,region_165,brand_2,50.0,0.0,100.0
2020-09,region_166,brand_1,50.0,0.0,100.0
2020-09,region_166,brand_2,50.0,0.0,100.0
2020-09,region_167,brand_1,50.0,0.0,100.0
2020-09,region_167,brand_2,50.0,0.0,100.0
2020-09,region_168,brand_1,50.0,0.0,100.0
2020-09,region_168,brand_2,50.0,0.0,100.0
2020-09,region_169,brand_1,50.0,0.0,100.0
2020-09,region_169,brand_2,50.0,0.0,100.0
2020-09,region_170,brand_1,50.0,0.0,100.0
2020-09,region_170,brand_2,50.0,0.0,100.0
2020-09,region_171,brand_1,50.0,0.0,100.0
2020-09,region_171,brand_2,50.0,0.0,100.0
2020-09,region_172,brand_1,50.0,0.0,100.0
2020-09,region_172,brand_2,50.0,0.0,100.0
2020-09,region_173,brand_1,50.0,0.0,100.0
2020-09,region_173,brand_2,50.0,0.0,100.0
2020-09,region_174,brand_1,50.0,0.0,100.0
2020-09,region_174,brand_2,50.0,0.0,100.0
2020-09,region_175,brand_1,50.0,0.0,100.0
2020-09,region_175,brand_2,50.0,0.0,100.0
2020-09,region_176,brand_1,50.0,0.0,100.0
2020-09,region_176,brand_2,50.0,0.0,100.0
2020-09,region_177,brand_1,50.0,0.0,100.0
2020-09,region_177,brand_2,50.0,0.0,100.0
2020-09,region_178,brand_1,50.0,0.0,100.0
2020-09,region_178,brand_2,50.0,0.0,100.0
2020-09,region_179,brand_1,50.0,0.0,100.0
2020-09,region_179,brand_2,50.0,0.0,100.0
2020-09,region_180,brand_1,50.0,0.0,100.0
2020-09,region_180,brand_2,50.0,0.0,100.0
2020-09,region_181,brand_1,50.0,0.0,100.0
2020-09,region_181,brand_2,50.0,0.0,100.0
2020-09,region_182,brand_1,50.0,0.0,100.0
2020-09,region_182,brand_2,50.0,0.0,100.0
2020-09,region_183,brand_1,50.0,0.0,100.0
2020-09,region_183,brand_2,50.0,0.0,100.0
2020-09,region_184,brand_1,50.0,0.0,100.0
2020-09,region_184,brand_2,50.0,0.0,100.0
2020-09,region_185,brand_1,50.0,0.0,100.0
2020-09,region_185,brand_2,50.0,0.0,100.0
2020-09,region_186,brand_1,50.0,0.0,100.0
2020-09,region_186,brand_2,50.0,0.0,100.0
2020-09,region_187,brand_1,50.0,0.0,100.0
2020-09,region_187,brand_2,50.0,0.0,100.0
2020-09,region_188,brand_1,50.0,0.0,100.0
2020-09,region_188,brand_2,50.0,0.0,100.0
2020-09,region_189,brand_1,50.0,0.0,100.0
2020-09,region_189,brand_2,50.0,0.0,100.0
2020-09,region_190,brand_1,50.0,0.0,100.0
2020-09,region_190,brand_2,50.0,0.0,100.0
2020-09,region_191,brand_1,50.0,0.0,100.0
2020-09,region_191,brand_2,50.0,0.0,100.0
2020-09,region_192,brand_1,50.0,0.0,100.0
2020-09,region_192,brand_2,50.0,0.0,100.0
2020-09,region_193,brand_1,50.0,0.0,100.0
2020-09,region_193,brand_2,50.0,0.0,100.0
2020-09,region_194,brand_1,50.0,0.0,100.0
2020-09,region_194,brand_2,50.0,0.0,100.0
2020-09,region_195,brand_1,50.0,0.0,100.0
2020-09,region_195,brand_2,50.0,0.0,100.0
2020-09,region_196,brand_1,50.0,0.0,100.0
2020-09,region_196,brand_2,50.0,0.0,100.0
2020-09,region_197,brand_1,50.0,0.0,100.0
2020-09,region_197,brand_2,50.0,0.0,100.0
2020-09,region_198,brand_1,50.0,0.0,100.0
2020-09,region_198,brand_2,50.0,0.0,100.0
2020-09,region_199,brand_1,50.0,0.0,100.0
2020-09,region_199,brand_2,50.0,0.0,100.0
2020-09,region_200,brand_1,50.0,0.0,100.0
2020-09,region_200,brand_2,50.0,0.0,100.0
2020-10,region_151,brand_1,50.0,0.0,100.0
2020-10,region_151,brand_2,50.0,0.0,100.0
2020-10,region_152,brand_1,50.0,0.0,100.0
2020-10,region_152,brand_2,50.0,0.0,100.0
2020-10,region_153,brand_1,50.0,0.0,100.0
2020-10,region_153,brand_2,50.0,0.0,100.0
2020-10,region_154,brand_1,50.0,0.0,100.0
2020-10,region_154,brand_2,50.0,0.0,100.0
2020-10,region_155,brand_1,50.0,0.0,100.0
2020-10,region_155,brand_2,50.0,0.0,100.0
2020-10,region_156,brand_1,50.0,0.0,100.0
2020-10,region_156,brand_2,50.0,0.0,100.0
2020-10,region_157,brand_1,50.0,0.0,100.0
2020-10,region_157,brand_2,50.0,0.0,100.0
2020-10,region_158,brand_1,50.0,0.0,100.0
2020-10,region_158,brand_2,50.0,0.0,100.0
2020-10,region_159,brand_1,50.0,0.0,100.0
2020-10,region_159,brand_2,50.0,0.0,100.0
2020-10,region_160,brand_1,50.0,0.0,100.0
2020-10,region_160,brand_2,50.0,0.0,100.0
2020-10,region_161,brand_1,50.0,0.0,100.0
2020-10,region_161,brand_2,50.0,0.0,100.0
2020-10,region_162,brand_1,50.0,0.0,100.0
2020-10,region_162,brand_2,50.0,0.0,100.0
2020-10,region_163,brand_1,50.0,0.0,100.0
2020-10,region_163,brand_2,50.0,0.0,100.0
2020-10,region_164,brand_1,50.0,0.0,100.0
2020-10,region_164,brand_2,50.0,0.0,100.0
2020-10,region_165,brand_1,50.0,0.0,100.0
2020-10,region_165,brand_2,50.0,0.0,100.0
2020-10,region_166,brand_1,50.0,0.0,100.0
2020-10,region_166,brand_2,50.0,0.0,100.0
2020-10,region_167,brand_1,50.0,0.0,100.0
2020-10,region_167,brand_2,50.0,0.0,100.0
2020-10,region_168,brand_1,50.0,0.0,100.0
2020-10,region_168,brand_2,50.0,0.0,100.0
2020-10,region_169,brand_1,50.0,0.0,100.0
2020-10,region_169,brand_2,50.0,0.0,100.0
2020-10,region_170,brand_1,50.0,0.0,100.0
2020-10,region_170,brand_2,50.0,0.0,100.0
2020-10,region_171,brand_1,50.0,0.0,100.0
2020-10,region_171,brand_2,50.0,0.0,100.0
2020-10,region_172,brand_1,50.0,0.0,100.0
2020-10,region_172,brand_2,50.0,0.0,100.0
2020-10,region_173,brand_1,50.0,0.0,100.0
2020-10,region_173,brand_2,50.0,0.0,100.0
2020-10,region_174,brand_1,50.0,0.0,100.0
2020-10,region_174,brand_2,50.0,0.0,100.0
2020-10,region_175,brand_1,50.0,0.0,100.0
2020-10,region_175,brand_2,50.0,0.0,100.0
2020-10,region_176,brand_1,50.0,0.0,100.0
2020-10,region_176,brand_2,50.0,0.0,100.0
2020-10,region_177,brand_1,50.0,0.0,100.0
2020-10,region_177,brand_2,50.0,0.0,100.0
2020-10,region_178,brand_1,50.0,0.0,100.0
2020-10,region_178,brand_2,50.0,0.0,100.0
2020-10,region_179,brand_1,50.0,0.0,100.0
2020-10,region_179,brand_2,50.0,0.0,100.0
2020-10,region_180,brand_1,50.0,0.0,100.0
2020-10,region_180,brand_2,50.0,0.0,100.0
2020-10,region_181,brand_1,50.0,0.0,100.0
2020-10,region_181,brand_2,50.0,0.0,100.0
2020-10,region_182,brand_1,50.0,0.0,100.0
2020-10,region_182,brand_2,50.0,0.0,100.0
2020-10,region_183,brand_1,50.0,0.0,100.0
2020-10,region_183,brand_2,50.0,0.0,100.0
2020-10,region_184,brand_1,50.0,0.0,100.0
2020-10,region_184,brand_2,50.0,0.0,100.0
2020-10,region_185,brand_1,50.0,0.0,100.0
2020-10,region_185,brand_2,50.0,0.0,100.0
2020-10,region_186,brand_1,50.0,0.0,100.0
2020-10,region_186,brand_2,50.0,0.0,100.0
2020-10,region_187,brand_1,50.0,0.0,100.0
2020-10,region_187,brand_2,50.0,0.0,100.0
2020-10,region_188,brand_1,50.0,0.0,100.0
2020-10,region_188,brand_2,50.0,0.0,100.0
2020-10,region_189,brand_1,50.0,0.0,100.0
2020-10,region_189,brand_2,50.0,0.0,100.0
2020-10,region_190,brand_1,50.0,0.0,100.0
2020-10,region_190,brand_2,50.0,0.0,100.0
2020-10,region_191,brand_1,50.0,0.0,100.0
2020-10,region_191,brand_2,50.0,0.0,100.0
2020-10,region_192,brand_1,50.0,0.0,100.0
2020-10,region_192,brand_2,50.0,0.0,100.0
2020-10,region_193,brand_1,50.0,0.0,100.0
2020-10,region_193,brand_2,50.0,0.0,100.0
2020-10,region_194,brand_1,50.0,0.0,100.0
2020-10,region_194,brand_2,50.0,0.0,100.0
2020-10,region_195,brand_1,50.0,0.0,100.0
2020-10,region_195,brand_2,50.0,0.0,100.0
2020-10,region_196,brand_1,50.0,0.0,100.0
2020-10,region_196,brand_2,50.0,0.0,100.0
2020-10,region_197,brand_1,50.0,0.0,100.0
2020-10,region_197,brand_2,50.0,0.0,100.0
2020-10,region_198,brand_1,50.0,0.0,100.0
2020-10,region_198,brand_2,50.0,0.0,100.0
2020-10,region_199,brand_1,50.0,0.0,100.0
2020-10,region_199,brand_2,50.0,0.0,100.0
2020-10,region_200,brand_1,50.0,0.0,100.0
2020-10,region_200,brand_2,50.0,0.0,100.0
2020-11,region_151,brand_1,50.0,0.0,100.0
2020-11,region_151,brand_2,50.0,0.0,100.0
2020-11,region_152,brand_1,50.0,0.0,100.0
2020-11,region_152,brand_2,50.0,0.0,100.0
2020-11,region_153,brand_1,50.0,0.0,100.0
2020-11,region_153,brand_2,50.0,0.0,100.0
2020-11,region_154,brand_1,50.0,0.0,100.0
2020-11,region_154,brand_2,50.0,0.0,100.0
2020-11,region_155,brand_1,50.0,0.0,100.0
2020-11,region_155,brand_2,50.0,0.0,100.0
2020-11,region_156,brand_1,50.0,0.0,100.0
2020-11,region_156,brand_2,50.0,0.0,100.0
2020-11,region_157,brand_1,50.0,0.0,100.0
2020-11,region_157,brand_2,50.0,0.0,100.0
2020-11,region_158,brand_1,50.0,0.0,100.0
2020-11,region_158,brand_2,50.0,0.0,100.0
2020-11,region_159,brand_1,50.0,0.0,100.0
2020-11,region_159,brand_2,50.0,0.0,100.0
2020-11,region_160,brand_1,50.0,0.0,100.0
2020-11,region_160,brand_2,50.0,0.0,100.0
2020-11,region_161,brand_1,50.0,0.0,100.0
2020-11,region_161,brand_2,50.0,0.0,100.0
2020-11,region_162,brand_1,50.0,0.0,100.0
2020-11,region_162,brand_2,50.0,0.0,100.0
2020-11,region_163,brand_1,50.0,0.0,100.0
2020-11,region_163,brand_2,50.0,0.0,100.0
2020-11,region_164,brand_1,50.0,0.0,100.0
2020-11,region_164,brand_2,50.0,0.0,100.0
2020-11,region_165,brand_1,50.0,0.0,100.0
2020-11,region_165,brand_2,50.0,0.0,100.0
2020-11,region_166,brand_1,50.0,0.0,100.0
2020-11,region_166,brand_2,50.0,0.0,100.0
2020-11,region_167,brand_1,50.0,0.0,100.0
2020-11,region_167,brand_2,50.0,0.0,100.0
2020-11,region_168,brand_1,50.0,0.0,100.0
2020-11,region_168,brand_2,50.0,0.0,100.0
2020-11,region_169,brand_1,50.0,0.0,100.0
2020-11,region_169,brand_2,50.0,0.0,100.0
2020-11,region_170,brand_1,50.0,0.0,100.0
2020-11,region_170,brand_2,50.0,0.0,100.0
2020-11,region_171,brand_1,50.0,0.0,100.0
2020-11,region_171,brand_2,50.0,0.0,100.0
2020-11,region_172,brand_1,50.0,0.0,100.0
2020-11,region_172,brand_2,50.0,0.0,100.0
2020-11,region_173,brand_1,50.0,0.0,100.0
2020-11,region_173,brand_2,50.0,0.0,100.0
2020-11,region_174,brand_1,50.0,0.0,100.0
2020-11,region_174,brand_2,50.0,0.0,100.0
2020-11,region_175,brand_1,50.0,0.0,100.0
2020-11,region_175,brand_2,50.0,0.0,100.0
2020-11,region_176,brand_1,50.0,0.0,100.0
2020-11,region_176,brand_2,50.0,0.0,100.0
2020-11,region_177,brand_1,50.0,0.0,100.0
2020-11,region_177,brand_2,50.0,0.0,100.0
2020-11,region_178,brand_1,50.0,0.0,100.0
2020-11,region_178,brand_2,50.0,0.0,100.0
2020-11,region_179,brand_1,50.0,0.0,100.0
2020-11,region_179,brand_2,50.0,0.0,100.0
2020-11,region_180,brand_1,50.0,0.0,100.0
2020-11,region_180,brand_2,50.0,0.0,100.0
2020-11,region_181,brand_1,50.0,0.0,100.0
2020-11,region_181,brand_2,50.0,0.0,100.0
2020-11,region_182,brand_1,50.0,0.0,100.0
2020-11,region_182,brand_2,50.0,0.0,100.0
2020-11,region_183,brand_1,50.0,0.0,100.0
2020-11,region_183,brand_2,50.0,0.0,100.0
2020-11,region_184,brand_1,50.0,0.0,100.0
2020-11,region_184,brand_2,50.0,0.0,100.0
2020-11,region_185,brand_1,50.0,0.0,100.0
2020-11,region_185,brand_2,50.0,0.0,100.0
2020-11,region_186,brand_1,50.0,0.0,100.0
2020-11,region_186,brand_2,50.0,0.0,100.0
2020-11,region_187,brand_1,50.0,0.0,100.0
2020-11,region_187,brand_2,50.0,0.0,100.0
2020-11,region_188,brand_1,50.0,0.0,100.0
2020-11,region_188,brand_2,50.0,0.0,100.0
2020-11,region_189,brand_1,50.0,0.0,100.0
2020-11,region_189,brand_2,50.0,0.0,100.0
2020-11,region_190,brand_1,50.0,0.0,100.0
2020-11,region_190,brand_2,50.0,0.0,100.0
2020-11,region_191,brand_1,50.0,0.0,100.0
2020-11,region_191,brand_2,50.0,0.0,100.0
2020-11,region_192,brand_1,50.0,0.0,100.0
2020-11,region_192,brand_2,50.0,0.0,100.0
2020-11,region_193,brand_1,50.0,0.0,100.0
2020-11,region_193,brand_2,50.0,0.0,100.0
2020-11,region_194,brand_1,50.0,0.0,100.0
2020-11,region_194,brand_2,50.0,0.0,100.0
2020-11,region_195,brand_1,50.0,0.0,100.0
2020-11,region_195,brand_2,50.0,0.0,100.0
2020-11,region_196,brand_1,50.0,0.0,100.0
2020-11,region_196,brand_2,50.0,0.0,100.0
2020-11,region_197,brand_1,50.0,0.0,100.0
2020-11,region_197,brand_2,50.0,0.0,100.0
2020-11,region_198,brand_1,50.0,0.0,100.0
2020-11,region_198,brand_2,50.0,0.0,100.0
2020-11,region_199,brand_1,50.0,0.0,100.0
2020-11,region_199,brand_2,50.0,0.0,100.0
2020-11,region_200,brand_1,50.0,0.0,100.0
2020-11,region_200,brand_2,50.0,0.0,100.0
2020-12,region_151,brand_1,50.0,0.0,100.0
2020-12,region_151,brand_2,50.0,0.0,100.0
2020-12,region_152,brand_1,50.0,0.0,100.0
2020-12,region_152,brand_2,50.0,0.0,100.0
2020-12,region_153,brand_1,50.0,0.0,100.0
2020-12,region_153,brand_2,50.0,0.0,100.0
2020-12,region_154,brand_1,50.0,0.0,100.0
2020-12,region_154,brand_2,50.0,0.0,100.0
2020-12,region_155,brand_1,50.0,0.0,100.0
2020-12,region_155,brand_2,50.0,0.0,100.0
2020-12,region_156,brand_1,50.0,0.0,100.0
2020-12,region_156,brand_2,50.0,0.0,100.0
2020-12,region_157,brand_1,50.0,0.0,100.0
2020-12,region_157,brand_2,50.0,0.0,100.0
2020-12,region_158,brand_1,50.0,0.0,100.0
2020-12,region_158,brand_2,50.0,0.0,100.0
2020-12,region_159,brand_1,50.0,0.0,100.0
2020-12,region_159,brand_2,50.0,0.0,100.0
2020-12,region_160,brand_1,50.0,0.0,100.0
2020-12,region_160,brand_2,50.0,0.0,100.0
2020-12,region_161,brand_1,50.0,0.0,100.0
2020-12,region_161,brand_2,50.0,0.0,100.0
2020-12,region_162,brand_1,50.0,0.0,100.0
2020-12,region_162,brand_2,50.0,0.0,100.0
2020-12,region_163,brand_1,50.0,0.0,100.0
2020-12,region_163,brand_2,50.0,0.0,100.0
2020-12,region_164,brand_1,50.0,0.0,100.0
2020-12,region_164,brand_2,50.0,0.0,100.0
2020-12,region_165,brand_1,50.0,0.0,100.0
2020-12,region_165,brand_2,50.0,0.0,100.0
2020-12,region_166,brand_1,50.0,0.0,100.0
2020-12,region_166,brand_2,50.0,0.0,100.0
2020-12,region_167,brand_1,50.0,0.0,100.0
2020-12,region_167,brand_2,50.0,0.0,100.0
2020-12,region_168,brand_1,50.0,0.0,100.0
2020-12,region_168,brand_2,50.0,0.0,100.0
2020-12,region_169,brand_1,50.0,0.0,100.0
2020-12,region_169,brand_2,50.0,0.0,100.0
2020-12,region_170,brand_1,50.0,0.0,100.0
2020-12,region_170,brand_2,50.0,0.0,100.0
2020-12,region_171,brand_1,50.0,0.0,100.0
2020-12,region_171,brand_2,50.0,0.0,100.0
2020-12,region_172,brand_1,50.0,0.0,100.0
2020-12,region_172,brand_2,50.0,0.0,100.0
2020-12,region_173,brand_1,50.0,0.0,100.0
2020-12,region_173,brand_2,50.0,0.0,100.0
2020-12,region_174,brand_1,50.0,0.0,100.0
2020-12,region_174,brand_2,50.0,0.0,100.0
2020-12,region_175,brand_1,50.0,0.0,100.0
2020-12,region_175,brand_2,50.0,0.0,100.0
2020-12,region_176,brand_1,50.0,0.0,100.0
2020-12,region_176,brand_2,50.0,0.0,100.0
2020-12,region_177,brand_1,50.0,0.0,100.0
2020-12,region_177,brand_2,50.0,0.0,100.0
2020-12,region_178,brand_1,50.0,0.0,100.0
2020-12,region_178,brand_2,50.0,0.0,100.0
2020-12,region_179,brand_1,50.0,0.0,100.0
2020-12,region_179,brand_2,50.0,0.0,100.0
2020-12,region_180,brand_1,50.0,0.0,100.0
2020-12,region_180,brand_2,50.0,0.0,100.0
2020-12,region_181,brand_1,50.0,0.0,100.0
2020-12,region_181,brand_2,50.0,0.0,100.0
2020-12,region_182,brand_1,50.0,0.0,100.0
2020-12,region_182,brand_2,50.0,0.0,100.0
2020-12,region_183,brand_1,50.0,0.0,100.0
2020-12,region_183,brand_2,50.0,0.0,100.0
2020-12,region_184,brand_1,50.0,0.0,100.0
2020-12,region_184,brand_2,50.0,0.0,100.0
2020-12,region_185,brand_1,50.0,0.0,100.0
2020-12,region_185,brand_2,50.0,0.0,100.0
2020-12,region_186,brand_1,50.0,0.0,100.0
2020-12,region_186,brand_2,50.0,0.0,100.0
2020-12,region_187,brand_1,50.0,0.0,100.0
2020-12,region_187,brand_2,50.0,0.0,100.0
2020-12,region_188,brand_1,50.0,0.0,100.0
2020-12,region_188,brand_2,50.0,0.0,100.0
2020-12,region_189,brand_1,50.0,0.0,100.0
2020-12,region_189,brand_2,50.0,0.0,100.0
2020-12,region_190,brand_1,50.0,0.0,100.0
2020-12,region_190,brand_2,50.0,0.0,100.0
2020-12,region_191,brand_1,50.0,0.0,100.0
2020-12,region_191,brand_2,50.0,0.0,100.0
2020-12,region_192,brand_1,50.0,0.0,100.0
2020-12,region_192,brand_2,50.0,0.0,100.0
2020-12,region_193,brand_1,50.0,0.0,100.0
2020-12,region_193,brand_2,50.0,0.0,100.0
2020-12,region_194,brand_1,50.0,0.0,100.0
2020-12,region_194,brand_2,50.0,0.0,100.0
2020-12,region_195,brand_1,50.0,0.0,100.0
2020-12,region_195,brand_2,50.0,0.0,100.0
2020-12,region_196,brand_1,50.0,0.0,100.0
2020-12,region_196,brand_2,50.0,0.0,100.0
2020-12,region_197,brand_1,50.0,0.0,100.0
2020-12,region_197,brand_2,50.0,0.0,100.0
2020-12,region_198,brand_1,50.0,0.0,100.0
2020-12,region_198,brand_2,50.0,0.0,100.0
2020-12,region_199,brand_1,50.0,0.0,100.0
2020-12,region_199,brand_2,50.0,0.0,100.0
2020-12,region_200,brand_1,50.0,0.0,100.0
2020-12,region_200,brand_2,50.0,0.0,100.0
2021-01,region_151,brand_1,50.0,0.0,100.0
2021-01,region_151,brand_2,50.0,0.0,100.0
2021-01,region_152,brand_1,50.0,0.0,100.0
2021-01,region_152,brand_2,50.0,0.0,100.0
2021-01,region_153,brand_1,50.0,0.0,100.0
2021-01,region_153,brand_2,50.0,0.0,100.0
2021-01,region_154,brand_1,50.0,0.0,100.0
2021-01,region_154,brand_2,50.0,0.0,100.0
2021-01,region_155,brand_1,50.0,0.0,100.0
2021-01,region_155,brand_2,50.0,0.0,100.0
2021-01,region_156,brand_1,50.0,0.0,100.0
2021-01,region_156,brand_2,50.0,0.0,100.0
2021-01,region_157,brand_1,50.0,0.0,100.0
2021-01,region_157,brand_2,50.0,0.0,100.0
2021-01,region_158,brand_1,50.0,0.0,100.0
2021-01,region_158,brand_2,50.0,0.0,100.0
2021-01,region_159,brand_1,50.0,0.0,100.0
2021-01,region_159,brand_2,50.0,0.0,100.0
2021-01,region_160,brand_1,50.0,0.0,100.0
2021-01,region_160,brand_2,50.0,0.0,100.0
2021-01,region_161,brand_1,50.0,0.0,100.0
2021-01,region_161,brand_2,50.0,0.0,100.0
2021-01,region_162,brand_1,50.0,0.0,100.0
2021-01,region_162,brand_2,50.0,0.0,100.0
2021-01,region_163,brand_1,50.0,0.0,100.0
2021-01,region_163,brand_2,50.0,0.0,100.0
2021-01,region_164,brand_1,50.0,0.0,100.0
2021-01,region_164,brand_2,50.0,0.0,100.0
2021-01,region_165,brand_1,50.0,0.0,100.0
2021-01,region_165,brand_2,50.0,0.0,100.0
2021-01,region_166,brand_1,50.0,0.0,100.0
2021-01,region_166,brand_2,50.0,0.0,100.0
2021-01,region_167,brand_1,50.0,0.0,100.0
2021-01,region_167,brand_2,50.0,0.0,100.0
2021-01,region_168,brand_1,50.0,0.0,100.0
2021-01,region_168,brand_2,50.0,0.0,100.0
2021-01,region_169,brand_1,50.0,0.0,100.0
2021-01,region_169,brand_2,50.0,0.0,100.0
2021-01,region_170,brand_1,50.0,0.0,100.0
2021-01,region_170,brand_2,50.0,0.0,100.0
2021-01,region_171,brand_1,50.0,0.0,100.0
2021-01,region_171,brand_2,50.0,0.0,100.0
2021-01,region_172,brand_1,50.0,0.0,100.0
2021-01,region_172,brand_2,50.0,0.0,100.0
2021-01,region_173,brand_1,50.0,0.0,100.0
2021-01,region_173,brand_2,50.0,0.0,100.0
2021-01,region_174,brand_1,50.0,0.0,100.0
2021-01,region_174,brand_2,50.0,0.0,100.0
2021-01,region_175,brand_1,50.0,0.0,100.0
2021-01,region_175,brand_2,50.0,0.0,100.0
2021-01,region_176,brand_1,50.0,0.0,100.0
2021-01,region_176,brand_2,50.0,0.0,100.0
2021-01,region_177,brand_1,50.0,0.0,100.0
2021-01,region_177,brand_2,50.0,0.0,100.0
2021-01,region_178,brand_1,50.0,0.0,100.0
2021-01,region_178,brand_2,50.0,0.0,100.0
2021-01,region_179,brand_1,50.0,0.0,100.0
2021-01,region_179,brand_2,50.0,0.0,100.0
2021-01,region_180,brand_1,50.0,0.0,100.0
2021-01,region_180,brand_2,50.0,0.0,100.0
2021-01,region_181,brand_1,50.0,0.0,100.0
2021-01,region_181,brand_2,50.0,0.0,100.0
2021-01,region_182,brand_1,50.0,0.0,100.0
2021-01,region_182,brand_2,50.0,0.0,100.0
2021-01,region_183,brand_1,50.0,0.0,100.0
2021-01,region_183,brand_2,50.0,0.0,100.0
2021-01,region_184,brand_1,50.0,0.0,100.0
2021-01,region_184,brand_2,50.0,0.0,100.0
2021-01,region_185,brand_1,50.0,0.0,100.0
2021-01,region_185,brand_2,50.0,0.0,100.0
2021-01,region_186,brand_1,50.0,0.0,100.0
2021-01,region_186,brand_2,50.0,0.0,100.0
2021-01,region_187,brand_1,50.0,0.0,100.0
2021-01,region_187,brand_2,50.0,0.0,100.0
2021-01,region_188,brand_1,50.0,0.0,100.0
2021-01,region_188,brand_2,50.0,0.0,100.0
2021-01,region_189,brand_1,50.0,0.0,100.0
2021-01,region_189,brand_2,50.0,0.0,100.0
2021-01,region_190,brand_1,50.0,0.0,100.0
2021-01,region_190,brand_2,50.0,0.0,100.0
2021-01,region_191,brand_1,50.0,0.0,100.0
2021-01,region_191,brand_2,50.0,0.0,100.0
2021-01,region_192,brand_1,50.0,0.0,100.0
2021-01,region_192,brand_2,50.0,0.0,100.0
2021-01,region_193,brand_1,50.0,0.0,100.0
2021-01,region_193,brand_2,50.0,0.0,100.0
2021-01,region_194,brand_1,50.0,0.0,100.0
2021-01,region_194,brand_2,50.0,0.0,100.0
2021-01,region_195,brand_1,50.0,0.0,100.0
2021-01,region_195,brand_2,50.0,0.0,100.0
2021-01,region_196,brand_1,50.0,0.0,100.0
2021-01,region_196,brand_2,50.0,0.0,100.0
2021-01,region_197,brand_1,50.0,0.0,100.0
2021-01,region_197,brand_2,50.0,0.0,100.0
2021-01,region_198,brand_1,50.0,0.0,100.0
2021-01,region_198,brand_2,50.0,0.0,100.0
2021-01,region_199,brand_1,50.0,0.0,100.0
2021-01,region_199,brand_2,50.0,0.0,100.0
2021-01,region_200,brand_1,50.0,0.0,100.0
2021-01,region_200,brand_2,50.0,0.0,100.0
2021-02,region_151,brand_1,50.0,0.0,100.0
2021-02,region_151,brand_2,50.0,0.0,100.0
2021-02,region_152,brand_1,50.0,0.0,100.0
2021-02,region_152,brand_2,50.0,0.0,100.0
2021-02,region_153,brand_1,50.0,0.0,100.0
2021-02,region_153,brand_2,50.0,0.0,100.0
2021-02,region_154,brand_1,50.0,0.0,100.0
2021-02,region_154,brand_2,50.0,0.0,100.0
2021-02,region_155,brand_1,50.0,0.0,100.0
2021-02,region_155,brand_2,50.0,0.0,100.0
2021-02,region_156,brand_1,50.0,0.0,100.0
2021-02,region_156,brand_2,50.0,0.0,100.0
2021-02,region_157,brand_1,50.0,0.0,100.0
2021-02,region_157,brand_2,50.0,0.0,100.0
2021-02,region_158,brand_1,50.0,0.0,100.0
2021-02,region_158,brand_2,50.0,0.0,100.0
2021-02,region_159,brand_1,50.0,0.0,100.0
2021-02,region_159,brand_2,50.0,0.0,100.0
2021-02,region_160,brand_1,50.0,0.0,100.0
2021-02,region_160,brand_2,50.0,0.0,100.0
2021-02,region_161,brand_1,50.0,0.0,100.0
2021-02,region_161,brand_2,50.0,0.0,100.0
2021-02,region_162,brand_1,50.0,0.0,100.0
2021-02,region_162,brand_2,50.0,0.0,100.0
2021-02,region_163,brand_1,50.0,0.0,100.0
2021-02,region_163,brand_2,50.0,0.0,100.0
2021-02,region_164,brand_1,50.0,0.0,100.0
2021-02,region_164,brand_2,50.0,0.0,100.0
2021-02,region_165,brand_1,50.0,0.0,100.0
2021-02,region_165,brand_2,50.0,0.0,100.0
2021-02,region_166,brand_1,50.0,0.0,100.0
2021-02,region_166,brand_2,50.0,0.0,100.0
2021-02,region_167,brand_1,50.0,0.0,100.0
2021-02,region_167,brand_2,50.0,0.0,100.0
2021-02,region_168,brand_1,50.0,0.0,100.0
2021-02,region_168,brand_2,50.0,0.0,100.0
2021-02,region_169,brand_1,50.0,0.0,100.0
2021-02,region_169,brand_2,50.0,0.0,100.0
2021-02,region_170,brand_1,50.0,0.0,100.0
2021-02,region_170,brand_2,50.0,0.0,100.0
2021-02,region_171,brand_1,50.0,0.0,100.0
2021-02,region_171,brand_2,50.0,0.0,100.0
2021-02,region_172,brand_1,50.0,0.0,100.0
2021-02,region_172,brand_2,50.0,0.0,100.0
2021-02,region_173,brand_1,50.0,0.0,100.0
2021-02,region_173,brand_2,50.0,0.0,100.0
2021-02,region_174,brand_1,50.0,0.0,100.0
2021-02,region_174,brand_2,50.0,0.0,100.0
2021-02,region_175,brand_1,50.0,0.0,100.0
2021-02,region_175,brand_2,50.0,0.0,100.0
2021-02,region_176,brand_1,50.0,0.0,100.0
2021-02,region_176,brand_2,50.0,0.0,100.0
2021-02,region_177,brand_1,50.0,0.0,100.0
2021-02,region_177,brand_2,50.0,0.0,100.0
2021-02,region_178,brand_1,50.0,0.0,100.0
2021-02,region_178,brand_2,50.0,0.0,100.0
2021-02,region_179,brand_1,50.0,0.0,100.0
2021-02,region_179,brand_2,50.0,0.0,100.0
2021-02,region_180,brand_1,50.0,0.0,100.0
2021-02,region_180,brand_2,50.0,0.0,100.0
2021-02,region_181,brand_1,50.0,0.0,100.0
2021-02,region_181,brand_2,50.0,0.0,100.0
2021-02,region_182,brand_1,50.0,0.0,100.0
2021-02,region_182,brand_2,50.0,0.0,100.0
2021-02,region_183,brand_1,50.0,0.0,100.0
2021-02,region_183,brand_2,50.0,0.0,100.0
2021-02,region_184,brand_1,50.0,0.0,100.0
2021-02,region_184,brand_2,50.0,0.0,100.0
2021-02,region_185,brand_1,50.0,0.0,100.0
2021-02,region_185,brand_2,50.0,0.0,100.0
2021-02,region_186,brand_1,50.0,0.0,100.0
2021-02,region_186,brand_2,50.0,0.0,100.0
2021-02,region_187,brand_1,50.0,0.0,100.0
2021-02,region_187,brand_2,50.0,0.0,100.0
2021-02,region_188,brand_1,50.0,0.0,100.0
2021-02,region_188,brand_2,50.0,0.0,100.0
2021-02,region_189,brand_1,50.0,0.0,100.0
2021-02,region_189,brand_2,50.0,0.0,100.0
2021-02,region_190,brand_1,50.0,0.0,100.0
2021-02,region_190,brand_2,50.0,0.0,100.0
2021-02,region_191,brand_1,50.0,0.0,100.0
2021-02,region_191,brand_2,50.0,0.0,100.0
2021-02,region_192,brand_1,50.0,0.0,100.0
2021-02,region_192,brand_2,50.0,0.0,100.0
2021-02,region_193,brand_1,50.0,0.0,100.0
2021-02,region_193,brand_2,50.0,0.0,100.0
2021-02,region_194,brand_1,50.0,0.0,100.0
2021-02,region_194,brand_2,50.0,0.0,100.0
2021-02,region_195,brand_1,50.0,0.0,100.0
2021-02,region_195,brand_2,50.0,0.0,100.0
2021-02,region_196,brand_1,50.0,0.0,100.0
2021-02,region_196,brand_2,50.0,0.0,100.0
2021-02,region_197,brand_1,50.0,0.0,100.0
2021-02,region_197,brand_2,50.0,0.0,100.0
2021-02,region_198,brand_1,50.0,0.0,100.0
2021-02,region_198,brand_2,50.0,0.0,100.0
2021-02,region_199,brand_1,50.0,0.0,100.0
2021-02,region_199,brand_2,50.0,0.0,100.0
2021-02,region_200,brand_1,50.0,0.0,100.0
2021-02,region_200,brand_2,50.0,0.0,100.0
2021-03,region_151,brand_1,50.0,0.0,100.0
2021-03,region_151,brand_2,50.0,0.0,100.0
2021-03,region_152,brand_1,50.0,0.0,100.0
2021-03,region_152,brand_2,50.0,0.0,100.0
2021-03,region_153,brand_1,50.0,0.0,100.0
2021-03,region_153,brand_2,50.0,0.0,100.0
2021-03,region_154,brand_1,50.0,0.0,100.0
2021-03,region_154,brand_2,50.0,0.0,100.0
2021-03,region_155,brand_1,50.0,0.0,100.0
2021-03,region_155,brand_2,50.0,0.0,100.0
2021-03,region_156,brand_1,50.0,0.0,100.0
2021-03,region_156,brand_2,50.0,0.0,100.0
2021-03,region_157,brand_1,50.0,0.0,100.0
2021-03,region_157,brand_2,50.0,0.0,100.0
2021-03,region_158,brand_1,50.0,0.0,100.0
2021-03,region_158,brand_2,50.0,0.0,100.0
2021-03,region_159,brand_1,50.0,0.0,100.0
2021-03,region_159,brand_2,50.0,0.0,100.0
2021-03,region_160,brand_1,50.0,0.0,100.0
2021-03,region_160,brand_2,50.0,0.0,100.0
2021-03,region_161,brand_1,50.0,0.0,100.0
2021-03,region_161,brand_2,50.0,0.0,100.0
2021-03,region_162,brand_1,50.0,0.0,100.0
2021-03,region_162,brand_2,50.0,0.0,100.0
2021-03,region_163,brand_1,50.0,0.0,100.0
2021-03,region_163,brand_2,50.0,0.0,100.0
2021-03,region_164,brand_1,50.0,0.0,100.0
2021-03,region_164,brand_2,50.0,0.0,100.0
2021-03,region_165,brand_1,50.0,0.0,100.0
2021-03,region_165,brand_2,50.0,0.0,100.0
2021-03,region_166,brand_1,50.0,0.0,100.0
2021-03,region_166,brand_2,50.0,0.0,100.0
2021-03,region_167,brand_1,50.0,0.0,100.0
2021-03,region_167,brand_2,50.0,0.0,100.0
2021-03,region_168,brand_1,50.0,0.0,100.0
2021-03,region_168,brand_2,50.0,0.0,100.0
2021-03,region_169,brand_1,50.0,0.0,100.0
2021-03,region_169,brand_2,50.0,0.0,100.0
2021-03,region_170,brand_1,50.0,0.0,100.0
2021-03,region_170,brand_2,50.0,0.0,100.0
2021-03,region_171,brand_1,50.0,0.0,100.0
2021-03,region_171,brand_2,50.0,0.0,100.0
2021-03,region_172,brand_1,50.0,0.0,100.0
2021-03,region_172,brand_2,50.0,0.0,100.0
2021-03,region_173,brand_1,50.0,0.0,100.0
2021-03,region_173,brand_2,50.0,0.0,100.0
2021-03,region_174,brand_1,50.0,0.0,100.0
2021-03,region_174,brand_2,50.0,0.0,100.0
2021-03,region_175,brand_1,50.0,0.0,100.0
2021-03,region_175,brand_2,50.0,0.0,100.0
2021-03,region_176,brand_1,50.0,0.0,100.0
2021-03,region_176,brand_2,50.0,0.0,100.0
2021-03,region_177,brand_1,50.0,0.0,100.0
2021-03,region_177,brand_2,50.0,0.0,100.0
2021-03,region_178,brand_1,50.0,0.0,100.0
2021-03,region_178,brand_2,50.0,0.0,100.0
2021-03,region_179,brand_1,50.0,0.0,100.0
2021-03,region_179,brand_2,50.0,0.0,100.0
2021-03,region_180,brand_1,50.0,0.0,100.0
2021-03,region_180,brand_2,50.0,0.0,100.0
2021-03,region_181,brand_1,50.0,0.0,100.0
2021-03,region_181,brand_2,50.0,0.0,100.0
2021-03,region_182,brand_1,50.0,0.0,100.0
2021-03,region_182,brand_2,50.0,0.0,100.0
2021-03,region_183,brand_1,50.0,0.0,100.0
2021-03,region_183,brand_2,50.0,0.0,100.0
2021-03,region_184,brand_1,50.0,0.0,100.0
2021-03,region_184,brand_2,50.0,0.0,100.0
2021-03,region_185,brand_1,50.0,0.0,100.0
2021-03,region_185,brand_2,50.0,0.0,100.0
2021-03,region_186,brand_1,50.0,0.0,100.0
2021-03,region_186,brand_2,50.0,0.0,100.0
2021-03,region_187,brand_1,50.0,0.0,100.0
2021-03,region_187,brand_2,50.0,0.0,100.0
2021-03,region_188,brand_1,50.0,0.0,100.0
2021-03,region_188,brand_2,50.0,0.0,100.0
2021-03,region_189,brand_1,50.0,0.0,100.0
2021-03,region_189,brand_2,50.0,0.0,100.0
2021-03,region_190,brand_1,50.0,0.0,100.0
2021-03,region_190,brand_2,50.0,0.0,100.0
2021-03,region_191,brand_1,50.0,0.0,100.0
2021-03,region_191,brand_2,50.0,0.0,100.0
2021-03,region_192,brand_1,50.0,0.0,100.0
2021-03,region_192,brand_2,50.0,0.0,100.0
2021-03,region_193,brand_1,50.0,0.0,100.0
2021-03,region_193,brand_2,50.0,0.0,100.0
2021-03,region_194,brand_1,50.0,0.0,100.0
2021-03,region_194,brand_2,50.0,0.0,100.0
2021-03,region_195,brand_1,50.0,0.0,100.0
2021-03,region_195,brand_2,50.0,0.0,100.0
2021-03,region_196,brand_1,50.0,0.0,100.0
2021-03,region_196,brand_2,50.0,0.0,100.0
2021-03,region_197,brand_1,50.0,0.0,100.0
2021-03,region_197,brand_2,50.0,0.0,100.0
2021-03,region_198,brand_1,50.0,0.0,100.0
2021-03,region_198,brand_2,50.0,0.0,100.0
2021-03,region_199,brand_1,50.0,0.0,100.0
2021-03,region_199,brand_2,50.0,0.0,100.0
2021-03,region_200,brand_1,50.0,0.0,100.0
2021-03,region_200,brand_2,50.0,0.0,100.0
2021-04,region_151,brand_1,50.0,0.0,100.0
2021-04,region_151,brand_2,50.0,0.0,100.0
2021-04,region_152,brand_1,50.0,0.0,100.0
2021-04,region_152,brand_2,50.0,0.0,100.0
2021-04,region_153,brand_1,50.0,0.0,100.0
2021-04,region_153,brand_2,50.0,0.0,100.0
2021-04,region_154,brand_1,50.0,0.0,100.0
2021-04,region_154,brand_2,50.0,0.0,100.0
2021-04,region_155,brand_1,50.0,0.0,100.0
2021-04,region_155,brand_2,50.0,0.0,100.0
2021-04,region_156,brand_1,50.0,0.0,100.0
2021-04,region_156,brand_2,50.0,0.0,100.0
2021-04,region_157,brand_1,50.0,0.0,100.0
2021-04,region_157,brand_2,50.0,0.0,100.0
2021-04,region_158,brand_1,50.0,0.0,100.0
2021-04,region_158,brand_2,50.0,0.0,100.0
2021-04,region_159,brand_1,50.0,0.0,100.0
2021-04,region_159,brand_2,50.0,0.0,100.0
2021-04,region_160,brand_1,50.0,0.0,100.0
2021-04,region_160,brand_2,50.0,0.0,100.0
2021-04,region_161,brand_1,50.0,0.0,100.0
2021-04,region_161,brand_2,50.0,0.0,100.0
2021-04,region_162,brand_1,50.0,0.0,100.0
2021-04,region_162,brand_2,50.0,0.0,100.0
2021-04,region_163,brand_1,50.0,0.0,100.0
2021-04,region_163,brand_2,50.0,0.0,100.0
2021-04,region_164,brand_1,50.0,0.0,100.0
2021-04,region_164,brand_2,50.0,0.0,100.0
2021-04,region_165,brand_1,50.0,0.0,100.0
2021-04,region_165,brand_2,50.0,0.0,100.0
2021-04,region_166,brand_1,50.0,0.0,100.0
2021-04,region_166,brand_2,50.0,0.0,100.0
2021-04,region_167,brand_1,50.0,0.0,100.0
2021-04,region_167,brand_2,50.0,0.0,100.0
2021-04,region_168,brand_1,50.0,0.0,100.0
2021-04,region_168,brand_2,50.0,0.0,100.0
2021-04,region_169,brand_1,50.0,0.0,100.0
2021-04,region_169,brand_2,50.0,0.0,100.0
2021-04,region_170,brand_1,50.0,0.0,100.0
2021-04,region_170,brand_2,50.0,0.0,100.0
2021-04,region_171,brand_1,50.0,0.0,100.0
2021-04,region_171,brand_2,50.0,0.0,100.0
2021-04,region_172,brand_1,50.0,0.0,100.0
2021-04,region_172,brand_2,50.0,0.0,100.0
2021-04,region_173,brand_1,50.0,0.0,100.0
2021-04,region_173,brand_2,50.0,0.0,100.0
2021-04,region_174,brand_1,50.0,0.0,100.0
2021-04,region_174,brand_2,50.0,0.0,100.0
2021-04,region_175,brand_1,50.0,0.0,100.0
2021-04,region_175,brand_2,50.0,0.0,100.0
2021-04,region_176,brand_1,50.0,0.0,100.0
2021-04,region_176,brand_2,50.0,0.0,100.0
2021-04,region_177,brand_1,50.0,0.0,100.0
2021-04,region_177,brand_2,50.0,0.0,100.0
2021-04,region_178,brand_1,50.0,0.0,100.0
2021-04,region_178,brand_2,50.0,0.0,100.0
2021-04,region_179,brand_1,50.0,0.0,100.0
2021-04,region_179,brand_2,50.0,0.0,100.0
2021-04,region_180,brand_1,50.0,0.0,100.0
2021-04,region_180,brand_2,50.0,0.0,100.0
2021-04,region_181,brand_1,50.0,0.0,100.0
2021-04,region_181,brand_2,50.0,0.0,100.0
2021-04,region_182,brand_1,50.0,0.0,100.0
2021-04,region_182,brand_2,50.0,0.0,100.0
2021-04,region_183,brand_1,50.0,0.0,100.0
2021-04,region_183,brand_2,50.0,0.0,100.0
2021-04,region_184,brand_1,50.0,0.0,100.0
2021-04,region_184,brand_2,50.0,0.0,100.0
2021-04,region_185,brand_1,50.0,0.0,100.0
2021-04,region_185,brand_2,50.0,0.0,100.0
2021-04,region_186,brand_1,50.0,0.0,100.0
2021-04,region_186,brand_2,50.0,0.0,100.0
2021-04,region_187,brand_1,50.0,0.0,100.0
2021-04,region_187,brand_2,50.0,0.0,100.0
2021-04,region_188,brand_1,50.0,0.0,100.0
2021-04,region_188,brand_2,50.0,0.0,100.0
2021-04,region_189,brand_1,50.0,0.0,100.0
2021-04,region_189,brand_2,50.0,0.0,100.0
2021-04,region_190,brand_1,50.0,0.0,100.0
2021-04,region_190,brand_2,50.0,0.0,100.0
2021-04,region_191,brand_1,50.0,0.0,100.0
2021-04,region_191,brand_2,50.0,0.0,100.0
2021-04,region_192,brand_1,50.0,0.0,100.0
2021-04,region_192,brand_2,50.0,0.0,100.0
2021-04,region_193,brand_1,50.0,0.0,100.0
2021-04,region_193,brand_2,50.0,0.0,100.0
2021-04,region_194,brand_1,50.0,0.0,100.0
2021-04,region_194,brand_2,50.0,0.0,100.0
2021-04,region_195,brand_1,50.0,0.0,100.0
2021-04,region_195,brand_2,50.0,0.0,100.0
2021-04,region_196,brand_1,50.0,0.0,100.0
2021-04,region_196,brand_2,50.0,0.0,100.0
2021-04,region_197,brand_1,50.0,0.0,100.0
2021-04,region_197,brand_2,50.0,0.0,100.0
2021-04,region_198,brand_1,50.0,0.0,100.0
2021-04,region_198,brand_2,50.0,0.0,100.0
2021-04,region_199,brand_1,50.0,0.0,100.0
2021-04,region_199,brand_2,50.0,0.0,100.0
2021-04,region_200,brand_1,50.0,0.0,100.0
2021-04,region_200,brand_2,50.0,0.0,100.0
2021-05,region_151,brand_1,50.0,0.0,100.0
2021-05,region_151,brand_2,50.0,0.0,100.0
2021-05,region_152,brand_1,50.0,0.0,100.0
2021-05,region_152,brand_2,50.0,0.0,100.0
2021-05,region_153,brand_1,50.0,0.0,100.0
2021-05,region_153,brand_2,50.0,0.0,100.0
2021-05,region_154,brand_1,50.0,0.0,100.0
2021-05,region_154,brand_2,50.0,0.0,100.0
2021-05,region_155,brand_1,50.0,0.0,100.0
2021-05,region_155,brand_2,50.0,0.0,100.0
2021-05,region_156,brand_1,50.0,0.0,100.0
2021-05,region_156,brand_2,50.0,0.0,100.0
2021-05,region_157,brand_1,50.0,0.0,100.0
2021-05,region_157,brand_2,50.0,0.0,100.0
2021-05,region_158,brand_1,50.0,0.0,100.0
2021-05,region_158,brand_2,50.0,0.0,100.0
2021-05,region_159,brand_1,50.0,0.0,100.0
2021-05,region_159,brand_2,50.0,0.0,100.0
2021-05,region_160,brand_1,50.0,0.0,100.0
2021-05,region_160,brand_2,50.0,0.0,100.0
2021-05,region_161,brand_1,50.0,0.0,100.0
2021-05,region_161,brand_2,50.0,0.0,100.0
2021-05,region_162,brand_1,50.0,0.0,100.0
2021-05,region_162,brand_2,50.0,0.0,100.0
2021-05,region_163,brand_1,50.0,0.0,100.0
2021-05,region_163,brand_2,50.0,0.0,100.0
2021-05,region_164,brand_1,50.0,0.0,100.0
2021-05,region_164,brand_2,50.0,0.0,100.0
2021-05,region_165,brand_1,50.0,0.0,100.0
2021-05,region_165,brand_2,50.0,0.0,100.0
2021-05,region_166,brand_1,50.0,0.0,100.0
2021-05,region_166,brand_2,50.0,0.0,100.0
2021-05,region_167,brand_1,50.0,0.0,100.0
2021-05,region_167,brand_2,50.0,0.0,100.0
2021-05,region_168,brand_1,50.0,0.0,100.0
2021-05,region_168,brand_2,50.0,0.0,100.0
2021-05,region_169,brand_1,50.0,0.0,100.0
2021-05,region_169,brand_2,50.0,0.0,100.0
2021-05,region_170,brand_1,50.0,0.0,100.0
2021-05,region_170,brand_2,50.0,0.0,100.0
2021-05,region_171,brand_1,50.0,0.0,100.0
2021-05,region_171,brand_2,50.0,0.0,100.0
2021-05,region_172,brand_1,50.0,0.0,100.0
2021-05,region_172,brand_2,50.0,0.0,100.0
2021-05,region_173,brand_1,50.0,0.0,100.0
2021-05,region_173,brand_2,50.0,0.0,100.0
2021-05,region_174,brand_1,50.0,0.0,100.0
2021-05,region_174,brand_2,50.0,0.0,100.0
2021-05,region_175,brand_1,50.0,0.0,100.0
2021-05,region_175,brand_2,50.0,0.0,100.0
2021-05,region_176,brand_1,50.0,0.0,100.0
2021-05,region_176,brand_2,50.0,0.0,100.0
2021-05,region_177,brand_1,50.0,0.0,100.0
2021-05,region_177,brand_2,50.0,0.0,100.0
2021-05,region_178,brand_1,50.0,0.0,100.0
2021-05,region_178,brand_2,50.0,0.0,100.0
2021-05,region_179,brand_1,50.0,0.0,100.0
2021-05,region_179,brand_2,50.0,0.0,100.0
2021-05,region_180,brand_1,50.0,0.0,100.0
2021-05,region_180,brand_2,50.0,0.0,100.0
2021-05,region_181,brand_1,50.0,0.0,100.0
2021-05,region_181,brand_2,50.0,0.0,100.0
2021-05,region_182,brand_1,50.0,0.0,100.0
2021-05,region_182,brand_2,50.0,0.0,100.0
2021-05,region_183,brand_1,50.0,0.0,100.0
2021-05,region_183,brand_2,50.0,0.0,100.0
2021-05,region_184,brand_1,50.0,0.0,100.0
2021-05,region_184,brand_2,50.0,0.0,100.0
2021-05,region_185,brand_1,50.0,0.0,100.0
2021-05,region_185,brand_2,50.0,0.0,100.0
2021-05,region_186,brand_1,50.0,0.0,100.0
2021-05,region_186,brand_2,50.0,0.0,100.0
2021-05,region_187,brand_1,50.0,0.0,100.0
2021-05,region_187,brand_2,50.0,0.0,100.0
2021-05,region_188,brand_1,50.0,0.0,100.0
2021-05,region_188,brand_2,50.0,0.0,100.0
2021-05,region_189,brand_1,50.0,0.0,100.0
2021-05,region_189,brand_2,50.0,0.0,100.0
2021-05,region_190,brand_1,50.0,0.0,100.0
2021-05,region_190,brand_2,50.0,0.0,100.0
2021-05,region_191,brand_1,50.0,0.0,100.0
2021-05,region_191,brand_2,50.0,0.0,100.0
2021-05,region_192,brand_1,50.0,0.0,100.0
2021-05,region_192,brand_2,50.0,0.0,100.0
2021-05,region_193,brand_1,50.0,0.0,100.0
2021-05,region_193,brand_2,50.0,0.0,100.0
2021-05,region_194,brand_1,50.0,0.0,100.0
2021-05,region_194,brand_2,50.0,0.0,100.0
2021-05,region_195,brand_1,50.0,0.0,100.0
2021-05,region_195,brand_2,50.0,0.0,100.0
2021-05,region_196,brand_1,50.0,0.0,100.0
2021-05,region_196,brand_2,50.0,0.0,100.0
2021-05,region_197,brand_1,50.0,0.0,100.0
2021-05,region_197,brand_2,50.0,0.0,100.0
2021-05,region_198,brand_1,50.0,0.0,100.0
2021-05,region_198,brand_2,50.0,0.0,100.0
2021-05,region_199,brand_1,50.0,0.0,100.0
2021-05,region_199,brand_2,50.0,0.0,100.0
2021-05,region_200,brand_1,50.0,0.0,100.0
2021-05,region_200,brand_2,50.0,0.0,100.0
2021-06,region_151,brand_1,50.0,0.0,100.0
2021-06,region_151,brand_2,50.0,0.0,100.0
2021-06,region_152,brand_1,50.0,0.0,100.0
2021-06,region_152,brand_2,50.0,0.0,100.0
2021-06,region_153,brand_1,50.0,0.0,100.0
2021-06,region_153,brand_2,50.0,0.0,100.0
2021-06,region_154,brand_1,50.0,0.0,100.0
2021-06,region_154,brand_2,50.0,0.0,100.0
2021-06,region_155,brand_1,50.0,0.0,100.0
2021-06,region_155,brand_2,50.0,0.0,100.0
2021-06,region_156,brand_1,50.0,0.0,100.0
2021-06,region_156,brand_2,50.0,0.0,100.0
2021-06,region_157,brand_1,50.0,0.0,100.0
2021-06,region_157,brand_2,50.0,0.0,100.0
2021-06,region_158,brand_1,50.0,0.0,100.0
2021-06,region_158,brand_2,50.0,0.0,100.0
2021-06,region_159,brand_1,50.0,0.0,100.0
2021-06,region_159,brand_2,50.0,0.0,100.0
2021-06,region_160,brand_1,50.0,0.0,100.0
2021-06,region_160,brand_2,50.0,0.0,100.0
2021-06,region_161,brand_1,50.0,0.0,100.0
2021-06,region_161,brand_2,50.0,0.0,100.0
2021-06,region_162,brand_1,50.0,0.0,100.0
2021-06,region_162,brand_2,50.0,0.0,100.0
2021-06,region_163,brand_1,50.0,0.0,100.0
2021-06,region_163,brand_2,50.0,0.0,100.0
2021-06,region_164,brand_1,50.0,0.0,100.0
2021-06,region_164,brand_2,50.0,0.0,100.0
2021-06,region_165,brand_1,50.0,0.0,100.0
2021-06,region_165,brand_2,50.0,0.0,100.0
2021-06,region_166,brand_1,50.0,0.0,100.0
2021-06,region_166,brand_2,50.0,0.0,100.0
2021-06,region_167,brand_1,50.0,0.0,100.0
2021-06,region_167,brand_2,50.0,0.0,100.0
2021-06,region_168,brand_1,50.0,0.0,100.0
2021-06,region_168,brand_2,50.0,0.0,100.0
2021-06,region_169,brand_1,50.0,0.0,100.0
2021-06,region_169,brand_2,50.0,0.0,100.0
2021-06,region_170,brand_1,50.0,0.0,100.0
2021-06,region_170,brand_2,50.0,0.0,100.0
2021-06,region_171,brand_1,50.0,0.0,100.0
2021-06,region_171,brand_2,50.0,0.0,100.0
2021-06,region_172,brand_1,50.0,0.0,100.0
2021-06,region_172,brand_2,50.0,0.0,100.0
2021-06,region_173,brand_1,50.0,0.0,100.0
2021-06,region_173,brand_2,50.0,0.0,100.0
2021-06,region_174,brand_1,50.0,0.0,100.0
2021-06,region_174,brand_2,50.0,0.0,100.0
2021-06,region_175,brand_1,50.0,0.0,100.0
2021-06,region_175,brand_2,50.0,0.0,100.0
2021-06,region_176,brand_1,50.0,0.0,100.0
2021-06,region_176,brand_2,50.0,0.0,100.0
2021-06,region_177,brand_1,50.0,0.0,100.0
2021-06,region_177,brand_2,50.0,0.0,100.0
2021-06,region_178,brand_1,50.0,0.0,100.0
2021-06,region_178,brand_2,50.0,0.0,100.0
2021-06,region_179,brand_1,50.0,0.0,100.0
2021-06,region_179,brand_2,50.0,0.0,100.0
2021-06,region_180,brand_1,50.0,0.0,100.0
2021-06,region_180,brand_2,50.0,0.0,100.0
2021-06,region_181,brand_1,50.0,0.0,100.0
2021-06,region_181,brand_2,50.0,0.0,100.0
2021-06,region_182,brand_1,50.0,0.0,100.0
2021-06,region_182,brand_2,50.0,0.0,100.0
2021-06,region_183,brand_1,50.0,0.0,100.0
2021-06,region_183,brand_2,50.0,0.0,100.0
2021-06,region_184,brand_1,50.0,0.0,100.0
2021-06,region_184,brand_2,50.0,0.0,100.0
2021-06,region_185,brand_1,50.0,0.0,100.0
2021-06,region_185,brand_2,50.0,0.0,100.0
2021-06,region_186,brand_1,50.0,0.0,100.0
2021-06,region_186,brand_2,50.0,0.0,100.0
2021-06,region_187,brand_1,50.0,0.0,100.0
2021-06,region_187,brand_2,50.0,0.0,100.0
2021-06,region_188,brand_1,50.0,0.0,100.0
2021-06,region_188,brand_2,50.0,0.0,100.0
2021-06,region_189,brand_1,50.0,0.0,100.0
2021-06,region_189,brand_2,50.0,0.0,100.0
2021-06,region_190,brand_1,50.0,0.0,100.0
2021-06,region_190,brand_2,50.0,0.0,100.0
2021-06,region_191,brand_1,50.0,0.0,100.0
2021-06,region_191,brand_2,50.0,0.0,100.0
2021-06,region_192,brand_1,50.0,0.0,100.0
2021-06,region_192,brand_2,50.0,0.0,100.0
2021-06,region_193,brand_1,50.0,0.0,100.0
2021-06,region_193,brand_2,50.0,0.0,100.0
2021-06,region_194,brand_1,50.0,0.0,100.0
2021-06,region_194,brand_2,50.0,0.0,100.0
2021-06,region_195,brand_1,50.0,0.0,100.0
2021-06,region_195,brand_2,50.0,0.0,100.0
2021-06,region_196,brand_1,50.0,0.0,100.0
2021-06,region_196,brand_2,50.0,0.0,100.0
2021-06,region_197,brand_1,50.0,0.0,100.0
2021-06,region_197,brand_2,50.0,0.0,100.0
2021-06,region_198,brand_1,50.0,0.0,100.0
2021-06,region_198,brand_2,50.0,0.0,100.0
2021-06,region_199,brand_1,50.0,0.0,100.0
2021-06,region_199,brand_2,50.0,0.0,100.0
2021-06,region_200,brand_1,50.0,0.0,100.0
2021-06,region_200,brand_2,50.0,0.0,100.0
2021-07,region_151,brand_1,50.0,0.0,100.0
2021-07,region_151,brand_2,50.0,0.0,100.0
2021-07,region_152,brand_1,50.0,0.0,100.0
2021-07,region_152,brand_2,50.0,0.0,100.0
2021-07,region_153,brand_1,50.0,0.0,100.0
2021-07,region_153,brand_2,50.0,0.0,100.0
2021-07,region_154,brand_1,50.0,0.0,100.0
2021-07,region_154,brand_2,50.0,0.0,100.0
2021-07,region_155,brand_1,50.0,0.0,100.0
2021-07,region_155,brand_2,50.0,0.0,100.0
2021-07,region_156,brand_1,50.0,0.0,100.0
2021-07,region_156,brand_2,50.0,0.0,100.0
2021-07,region_157,brand_1,50.0,0.0,100.0
2021-07,region_157,brand_2,50.0,0.0,100.0
2021-07,region_158,brand_1,50.0,0.0,100.0
2021-07,region_158,brand_2,50.0,0.0,100.0
2021-07,region_159,brand_1,50.0,0.0,100.0
2021-07,region_159,brand_2,50.0,0.0,100.0
2021-07,region_160,brand_1,50.0,0.0,100.0
2021-07,region_160,brand_2,50.0,0.0,100.0
2021-07,region_161,brand_1,50.0,0.0,100.0
2021-07,region_161,brand_2,50.0,0.0,100.0
2021-07,region_162,brand_1,50.0,0.0,100.0
2021-07,region_162,brand_2,50.0,0.0,100.0
2021-07,region_163,brand_1,50.0,0.0,100.0
2021-07,region_163,brand_2,50.0,0.0,100.0
2021-07,region_164,brand_1,50.0,0.0,100.0
2021-07,region_164,brand_2,50.0,0.0,100.0
2021-07,region_165,brand_1,50.0,0.0,100.0
2021-07,region_165,brand_2,50.0,0.0,100.0
2021-07,region_166,brand_1,50.0,0.0,100.0
2021-07,region_166,brand_2,50.0,0.0,100.0
2021-07,region_167,brand_1,50.0,0.0,100.0
2021-07,region_167,brand_2,50.0,0.0,100.0
2021-07,region_168,brand_1,50.0,0.0,100.0
2021-07,region_168,brand_2,50.0,0.0,100.0
2021-07,region_169,brand_1,50.0,0.0,100.0
2021-07,region_169,brand_2,50.0,0.0,100.0
2021-07,region_170,brand_1,50.0,0.0,100.0
2021-07,region_170,brand_2,50.0,0.0,100.0
2021-07,region_171,brand_1,50.0,0.0,100.0
2021-07,region_171,brand_2,50.0,0.0,100.0
2021-07,region_172,brand_1,50.0,0.0,100.0
2021-07,region_172,brand_2,50.0,0.0,100.0
2021-07,region_173,brand_1,50.0,0.0,100.0
2021-07,region_173,brand_2,50.0,0.0,100.0
2021-07,region_174,brand_1,50.0,0.0,100.0
2021-07,region_174,brand_2,50.0,0.0,100.0
2021-07,region_175,brand_1,50.0,0.0,100.0
2021-07,region_175,brand_2,50.0,0.0,100.0
2021-07,region_176,brand_1,50.0,0.0,100.0
2021-07,region_176,brand_2,50.0,0.0,100.0
2021-07,region_177,brand_1,50.0,0.0,100.0
2021-07,region_177,brand_2,50.0,0.0,100.0
2021-07,region_178,brand_1,50.0,0.0,100.0
2021-07,region_178,brand_2,50.0,0.0,100.0
2021-07,region_179,brand_1,50.0,0.0,100.0
2021-07,region_179,brand_2,50.0,0.0,100.0
2021-07,region_180,brand_1,50.0,0.0,100.0
2021-07,region_180,brand_2,50.0,0.0,100.0
2021-07,region_181,brand_1,50.0,0.0,100.0
2021-07,region_181,brand_2,50.0,0.0,100.0
2021-07,region_182,brand_1,50.0,0.0,100.0
2021-07,region_182,brand_2,50.0,0.0,100.0
2021-07,region_183,brand_1,50.0,0.0,100.0
2021-07,region_183,brand_2,50.0,0.0,100.0
2021-07,region_184,brand_1,50.0,0.0,100.0
2021-07,region_184,brand_2,50.0,0.0,100.0
2021-07,region_185,brand_1,50.0,0.0,100.0
2021-07,region_185,brand_2,50.0,0.0,100.0
2021-07,region_186,brand_1,50.0,0.0,100.0
2021-07,region_186,brand_2,50.0,0.0,100.0
2021-07,region_187,brand_1,50.0,0.0,100.0
2021-07,region_187,brand_2,50.0,0.0,100.0
2021-07,region_188,brand_1,50.0,0.0,100.0
2021-07,region_188,brand_2,50.0,0.0,100.0
2021-07,region_189,brand_1,50.0,0.0,100.0
2021-07,region_189,brand_2,50.0,0.0,100.0
2021-07,region_190,brand_1,50.0,0.0,100.0
2021-07,region_190,brand_2,50.0,0.0,100.0
2021-07,region_191,brand_1,50.0,0.0,100.0
2021-07,region_191,brand_2,50.0,0.0,100.0
2021-07,region_192,brand_1,50.0,0.0,100.0
2021-07,region_192,brand_2,50.0,0.0,100.0
2021-07,region_193,brand_1,50.0,0.0,100.0
2021-07,region_193,brand_2,50.0,0.0,100.0
2021-07,region_194,brand_1,50.0,0.0,100.0
2021-07,region_194,brand_2,50.0,0.0,100.0
2021-07,region_195,brand_1,50.0,0.0,100.0
2021-07,region_195,brand_2,50.0,0.0,100.0
2021-07,region_196,brand_1,50.0,0.0,100.0
2021-07,region_196,brand_2,50.0,0.0,100.0
2021-07,region_197,brand_1,50.0,0.0,100.0
2021-07,region_197,brand_2,50.0,0.0,100.0
2021-07,region_198,brand_1,50.0,0.0,100.0
2021-07,region_198,brand_2,50.0,0.0,100.0
2021-07,region_199,brand_1,50.0,0.0,100.0
2021-07,region_199,brand_2,50.0,0.0,100.0
2021-07,region_200,brand_1,50.0,0.0,100.0
2021-07,region_200,brand_2,50.0,0.0,100.0
2021-08,region_151,brand_1,50.0,0.0,100.0
2021-08,region_151,brand_2,50.0,0.0,100.0
2021-08,region_152,brand_1,50.0,0.0,100.0
2021-08,region_152,brand_2,50.0,0.0,100.0
2021-08,region_153,brand_1,50.0,0.0,100.0
2021-08,region_153,brand_2,50.0,0.0,100.0
2021-08,region_154,brand_1,50.0,0.0,100.0
2021-08,region_154,brand_2,50.0,0.0,100.0
2021-08,region_155,brand_1,50.0,0.0,100.0
2021-08,region_155,brand_2,50.0,0.0,100.0
2021-08,region_156,brand_1,50.0,0.0,100.0
2021-08,region_156,brand_2,50.0,0.0,100.0
2021-08,region_157,brand_1,50.0,0.0,100.0
2021-08,region_157,brand_2,50.0,0.0,100.0
2021-08,region_158,brand_1,50.0,0.0,100.0
2021-08,region_158,brand_2,50.0,0.0,100.0
2021-08,region_159,brand_1,50.0,0.0,100.0
2021-08,region_159,brand_2,50.0,0.0,100.0
2021-08,region_160,brand_1,50.0,0.0,100.0
2021-08,region_160,brand_2,50.0,0.0,100.0
2021-08,region_161,brand_1,50.0,0.0,100.0
2021-08,region_161,brand_2,50.0,0.0,100.0
2021-08,region_162,brand_1,50.0,0.0,100.0
2021-08,region_162,brand_2,50.0,0.0,100.0
2021-08,region_163,brand_1,50.0,0.0,100.0
2021-08,region_163,brand_2,50.0,0.0,100.0
2021-08,region_164,brand_1,50.0,0.0,100.0
2021-08,region_164,brand_2,50.0,0.0,100.0
2021-08,region_165,brand_1,50.0,0.0,100.0
2021-08,region_165,brand_2,50.0,0.0,100.0
2021-08,region_166,brand_1,50.0,0.0,100.0
2021-08,region_166,brand_2,50.0,0.0,100.0
2021-08,region_167,brand_1,50.0,0.0,100.0
2021-08,region_167,brand_2,50.0,0.0,100.0
2021-08,region_168,brand_1,50.0,0.0,100.0
2021-08,region_168,brand_2,50.0,0.0,100.0
2021-08,region_169,brand_1,50.0,0.0,100.0
2021-08,region_169,brand_2,50.0,0.0,100.0
2021-08,region_170,brand_1,50.0,0.0,100.0
2021-08,region_170,brand_2,50.0,0.0,100.0
2021-08,region_171,brand_1,50.0,0.0,100.0
2021-08,region_171,brand_2,50.0,0.0,100.0
2021-08,region_172,brand_1,50.0,0.0,100.0
2021-08,region_172,brand_2,50.0,0.0,100.0
2021-08,region_173,brand_1,50.0,0.0,100.0
2021-08,region_173,brand_2,50.0,0.0,100.0
2021-08,region_174,brand_1,50.0,0.0,100.0
2021-08,region_174,brand_2,50.0,0.0,100.0
2021-08,region_175,brand_1,50.0,0.0,100.0
2021-08,region_175,brand_2,50.0,0.0,100.0
2021-08,region_176,brand_1,50.0,0.0,100.0
2021-08,region_176,brand_2,50.0,0.0,100.0
2021-08,region_177,brand_1,50.0,0.0,100.0
2021-08,region_177,brand_2,50.0,0.0,100.0
2021-08,region_178,brand_1,50.0,0.0,100.0
2021-08,region_178,brand_2,50.0,0.0,100.0
2021-08,region_179,brand_1,50.0,0.0,100.0
2021-08,region_179,brand_2,50.0,0.0,100.0
2021-08,region_180,brand_1,50.0,0.0,100.0
2021-08,region_180,brand_2,50.0,0.0,100.0
2021-08,region_181,brand_1,50.0,0.0,100.0
2021-08,region_181,brand_2,50.0,0.0,100.0
2021-08,region_182,brand_1,50.0,0.0,100.0
2021-08,region_182,brand_2,50.0,0.0,100.0
2021-08,region_183,brand_1,50.0,0.0,100.0
2021-08,region_183,brand_2,50.0,0.0,100.0
2021-08,region_184,brand_1,50.0,0.0,100.0
2021-08,region_184,brand_2,50.0,0.0,100.0
2021-08,region_185,brand_1,50.0,0.0,100.0
2021-08,region_185,brand_2,50.0,0.0,100.0
2021-08,region_186,brand_1,50.0,0.0,100.0
2021-08,region_186,brand_2,50.0,0.0,100.0
2021-08,region_187,brand_1,50.0,0.0,100.0
2021-08,region_187,brand_2,50.0,0.0,100.0
2021-08,region_188,brand_1,50.0,0.0,100.0
2021-08,region_188,brand_2,50.0,0.0,100.0
2021-08,region_189,brand_1,50.0,0.0,100.0
2021-08,region_189,brand_2,50.0,0.0,100.0
2021-08,region_190,brand_1,50.0,0.0,100.0
2021-08,region_190,brand_2,50.0,0.0,100.0
2021-08,region_191,brand_1,50.0,0.0,100.0
2021-08,region_191,brand_2,50.0,0.0,100.0
2021-08,region_192,brand_1,50.0,0.0,100.0
2021-08,region_192,brand_2,50.0,0.0,100.0
2021-08,region_193,brand_1,50.0,0.0,100.0
2021-08,region_193,brand_2,50.0,0.0,100.0
2021-08,region_194,brand_1,50.0,0.0,100.0
2021-08,region_194,brand_2,50.0,0.0,100.0
2021-08,region_195,brand_1,50.0,0.0,100.0
2021-08,region_195,brand_2,50.0,0.0,100.0
2021-08,region_196,brand_1,50.0,0.0,100.0
2021-08,region_196,brand_2,50.0,0.0,100.0
2021-08,region_197,brand_1,50.0,0.0,100.0
2021-08,region_197,brand_2,50.0,0.0,100.0
2021-08,region_198,brand_1,50.0,0.0,100.0
2021-08,region_198,brand_2,50.0,0.0,100.0
2021-08,region_199,brand_1,50.0,0.0,100.0
2021-08,region_199,brand_2,50.0,0.0,100.0
2021-08,region_200,brand_1,50.0,0.0,100.0
2021-08,region_200,brand_2,50.0,0.0,100.0
